username,nonce,balance
Bob,23,15467380314588111975607936701444009612
Carol,72,15467380314588111975607936701444009612
David,15,15467380314588111975607936701444009612
Erin,76,15467380314588111975607936701444009612
Frank,41,15467380314588111975607936701444009612
Grace,56,15467380314588111975607936701444009612
Heidi,13,15467380314588111975607936701444009612
Ivan,64,15467380314588111975607936701444009612
Judy,16,15467380314588111975607936701444009612
Mallory,22,15467380314588111975607936701444009612
Michael,91,15467380314588111975607936701444009612
Olivia,14,15467380314588111975607936701444009612
Oscar,87,15467380314588111975607936701444009612
Peggy,65,15467380314588111975607936701444009612
Rupert,53,15467380314588111975607936701444009612
Alice,58,15467380314588111975607936701444009612
Sybil,82,15467380314588111975607936701444009612
Trent,89,15467380314588111975607936701444009612
Trudy,19,15467380314588111975607936701444009612
Victor,16,15467380314588111975607936701444009612
Walter,12,15467380314588111975607936701444009612
Wendy,54,15467380314588111975607936701444009612
